folder,old_name,new_name,old_path,new_path
ISL\4 markers,Isl_p1_ao2_all answers.xlsx,Isl_p1_ao2_all-answers.xlsx,C:\Users\NH\Downloads\CAIES 27\ISL\4 markers\Isl_p1_ao2_all answers.xlsx,C:\Users\NH\Downloads\CAIES 27\ISL\4 markers\Isl_p1_ao2_all-answers.xlsx
ISL\Books,Cambridge O Level Islamiyat Paper 1.pdf,Cambridge-O-Level-Islamiyat-Paper-1.pdf,C:\Users\NH\Downloads\CAIES 27\ISL\Books\Cambridge O Level Islamiyat Paper 1.pdf,C:\Users\NH\Downloads\CAIES 27\ISL\Books\Cambridge-O-Level-Islamiyat-Paper-1.pdf
ISL\Books,Islamiat O levels Paper 1 Nighat Farooq Bajwa.pdf,Islamiat-O-levels-Paper-1-Nighat-Farooq-Bajwa.pdf,C:\Users\NH\Downloads\CAIES 27\ISL\Books\Islamiat O levels Paper 1 Nighat Farooq Bajwa.pdf,C:\Users\NH\Downloads\CAIES 27\ISL\Books\Islamiat-O-levels-Paper-1-Nighat-Farooq-Bajwa.pdf
ISL\Books,O level Islamiyat Paper 2.pdf,O-level-Islamiyat-Paper-2.pdf,C:\Users\NH\Downloads\CAIES 27\ISL\Books\O level Islamiyat Paper 2.pdf,C:\Users\NH\Downloads\CAIES 27\ISL\Books\O-level-Islamiyat-Paper-2.pdf
ISL\Notes\Combined,Sir Muzamil full _240131_215221.pdf,Sir-Muzamil-full-_240131_215221.pdf,C:\Users\NH\Downloads\CAIES 27\ISL\Notes\Combined\Sir Muzamil full _240131_215221.pdf,C:\Users\NH\Downloads\CAIES 27\ISL\Notes\Combined\Sir-Muzamil-full-_240131_215221.pdf
ISL\Notes\P1\First Islamic community,Early Muslims.pdf,Early-Muslims.pdf,C:\Users\NH\Downloads\CAIES 27\ISL\Notes\P1\First Islamic community\Early Muslims.pdf,C:\Users\NH\Downloads\CAIES 27\ISL\Notes\P1\First Islamic community\Early-Muslims.pdf
ISL\Notes\P1\First Islamic community,Fatimah (RA).pdf · version 1.pdf,Fatimah-(RA).pdf-·-version-1.pdf,C:\Users\NH\Downloads\CAIES 27\ISL\Notes\P1\First Islamic community\Fatimah (RA).pdf · version 1.pdf,C:\Users\NH\Downloads\CAIES 27\ISL\Notes\P1\First Islamic community\Fatimah-(RA).pdf-·-version-1.pdf
ISL\Notes\P1\First Islamic community,Scribes.pdf · version 1.pdf,Scribes.pdf-·-version-1.pdf,C:\Users\NH\Downloads\CAIES 27\ISL\Notes\P1\First Islamic community\Scribes.pdf · version 1.pdf,C:\Users\NH\Downloads\CAIES 27\ISL\Notes\P1\First Islamic community\Scribes.pdf-·-version-1.pdf
ISL\Notes\P1\First Islamic community,Talha and Zubair.pdf · version 1.pdf,Talha-and-Zubair.pdf-·-version-1.pdf,C:\Users\NH\Downloads\CAIES 27\ISL\Notes\P1\First Islamic community\Talha and Zubair.pdf · version 1.pdf,C:\Users\NH\Downloads\CAIES 27\ISL\Notes\P1\First Islamic community\Talha-and-Zubair.pdf-·-version-1.pdf
ISL\Notes\P1\First Islamic community,Wives Short Q_s.pdf · version 1.pdf,Wives-Short-Q_s.pdf-·-version-1.pdf,C:\Users\NH\Downloads\CAIES 27\ISL\Notes\P1\First Islamic community\Wives Short Q_s.pdf · version 1.pdf,C:\Users\NH\Downloads\CAIES 27\ISL\Notes\P1\First Islamic community\Wives-Short-Q_s.pdf-·-version-1.pdf
ISL\Notes\P1\First Islamic community,Wives.pdf · version 1.pdf,Wives.pdf-·-version-1.pdf,C:\Users\NH\Downloads\CAIES 27\ISL\Notes\P1\First Islamic community\Wives.pdf · version 1.pdf,C:\Users\NH\Downloads\CAIES 27\ISL\Notes\P1\First Islamic community\Wives.pdf-·-version-1.pdf
ISL\Notes\P1\History & Importance of Quran,History & Importance of Quran.pdf,History-&-Importance-of-Quran.pdf,C:\Users\NH\Downloads\CAIES 27\ISL\Notes\P1\History & Importance of Quran\History & Importance of Quran.pdf,C:\Users\NH\Downloads\CAIES 27\ISL\Notes\P1\History & Importance of Quran\History-&-Importance-of-Quran.pdf
ISL\Notes\P1\History & Importance of Quran,Sources of Islamic Law.pdf · version 1.pdf,Sources-of-Islamic-Law.pdf-·-version-1.pdf,C:\Users\NH\Downloads\CAIES 27\ISL\Notes\P1\History & Importance of Quran\Sources of Islamic Law.pdf · version 1.pdf,C:\Users\NH\Downloads\CAIES 27\ISL\Notes\P1\History & Importance of Quran\Sources-of-Islamic-Law.pdf-·-version-1.pdf
ISL\Notes\P1\Life in Madinah,10th A.H - Final Year of Prophet_s Life.pdf · version 1.pdf,10th-A.H---Final-Year-of-Prophet_s-Life.pdf-·-version-1.pdf,C:\Users\NH\Downloads\CAIES 27\ISL\Notes\P1\Life in Madinah\10th A.H - Final Year of Prophet_s Life.pdf · version 1.pdf,C:\Users\NH\Downloads\CAIES 27\ISL\Notes\P1\Life in Madinah\10th-A.H---Final-Year-of-Prophet_s-Life.pdf-·-version-1.pdf
ISL\Notes\P1\Life in Madinah,1st AH.pdf · version 1.pdf,1st-AH.pdf-·-version-1.pdf,C:\Users\NH\Downloads\CAIES 27\ISL\Notes\P1\Life in Madinah\1st AH.pdf · version 1.pdf,C:\Users\NH\Downloads\CAIES 27\ISL\Notes\P1\Life in Madinah\1st-AH.pdf-·-version-1.pdf
ISL\Notes\P1\Life in Madinah,2nd A.H - Battle of Badr.pdf · version 1.pdf,2nd-A.H---Battle-of-Badr.pdf-·-version-1.pdf,C:\Users\NH\Downloads\CAIES 27\ISL\Notes\P1\Life in Madinah\2nd A.H - Battle of Badr.pdf · version 1.pdf,C:\Users\NH\Downloads\CAIES 27\ISL\Notes\P1\Life in Madinah\2nd-A.H---Battle-of-Badr.pdf-·-version-1.pdf
ISL\Notes\P1\Life in Madinah,3rd A.H - Battle of Uhud.pdf · version 1.pdf,3rd-A.H---Battle-of-Uhud.pdf-·-version-1.pdf,C:\Users\NH\Downloads\CAIES 27\ISL\Notes\P1\Life in Madinah\3rd A.H - Battle of Uhud.pdf · version 1.pdf,C:\Users\NH\Downloads\CAIES 27\ISL\Notes\P1\Life in Madinah\3rd-A.H---Battle-of-Uhud.pdf-·-version-1.pdf
ISL\Notes\P1\Life in Madinah,5th A.H - Battle of Trench.pdf · version 1.pdf,5th-A.H---Battle-of-Trench.pdf-·-version-1.pdf,C:\Users\NH\Downloads\CAIES 27\ISL\Notes\P1\Life in Madinah\5th A.H - Battle of Trench.pdf · version 1.pdf,C:\Users\NH\Downloads\CAIES 27\ISL\Notes\P1\Life in Madinah\5th-A.H---Battle-of-Trench.pdf-·-version-1.pdf
ISL\Notes\P1\Life in Madinah,6th A.H - Treaty of Hudaibiah.pdf · version 1.pdf,6th-A.H---Treaty-of-Hudaibiah.pdf-·-version-1.pdf,C:\Users\NH\Downloads\CAIES 27\ISL\Notes\P1\Life in Madinah\6th A.H - Treaty of Hudaibiah.pdf · version 1.pdf,C:\Users\NH\Downloads\CAIES 27\ISL\Notes\P1\Life in Madinah\6th-A.H---Treaty-of-Hudaibiah.pdf-·-version-1.pdf
ISL\Notes\P1\Life in Madinah,7th A.H - Battle of Khyber.pdf · version 1.pdf,7th-A.H---Battle-of-Khyber.pdf-·-version-1.pdf,C:\Users\NH\Downloads\CAIES 27\ISL\Notes\P1\Life in Madinah\7th A.H - Battle of Khyber.pdf · version 1.pdf,C:\Users\NH\Downloads\CAIES 27\ISL\Notes\P1\Life in Madinah\7th-A.H---Battle-of-Khyber.pdf-·-version-1.pdf
ISL\Notes\P1\Life in Madinah,8th A.H - Battle of Hunain.pdf · version 1.pdf,8th-A.H---Battle-of-Hunain.pdf-·-version-1.pdf,C:\Users\NH\Downloads\CAIES 27\ISL\Notes\P1\Life in Madinah\8th A.H - Battle of Hunain.pdf · version 1.pdf,C:\Users\NH\Downloads\CAIES 27\ISL\Notes\P1\Life in Madinah\8th-A.H---Battle-of-Hunain.pdf-·-version-1.pdf
ISL\Notes\P1\Life in Madinah,8th A.H - Conquest of Makkah.pdf · version 1.pdf,8th-A.H---Conquest-of-Makkah.pdf-·-version-1.pdf,C:\Users\NH\Downloads\CAIES 27\ISL\Notes\P1\Life in Madinah\8th A.H - Conquest of Makkah.pdf · version 1.pdf,C:\Users\NH\Downloads\CAIES 27\ISL\Notes\P1\Life in Madinah\8th-A.H---Conquest-of-Makkah.pdf-·-version-1.pdf
ISL\Notes\P1\Life in Madinah,9th A.H - Expedition of Tabuk.pdf · version 1.pdf,9th-A.H---Expedition-of-Tabuk.pdf-·-version-1.pdf,C:\Users\NH\Downloads\CAIES 27\ISL\Notes\P1\Life in Madinah\9th A.H - Expedition of Tabuk.pdf · version 1.pdf,C:\Users\NH\Downloads\CAIES 27\ISL\Notes\P1\Life in Madinah\9th-A.H---Expedition-of-Tabuk.pdf-·-version-1.pdf
ISL\Notes\P1\Life in Madinah,Biography (Madinah)_231210_035248.pdf,Biography-(Madinah)_231210_035248.pdf,C:\Users\NH\Downloads\CAIES 27\ISL\Notes\P1\Life in Madinah\Biography (Madinah)_231210_035248.pdf,C:\Users\NH\Downloads\CAIES 27\ISL\Notes\P1\Life in Madinah\Biography-(Madinah)_231210_035248.pdf
ISL\Notes\P1\Life in Madinah,Life In Madina.pdf,Life-In-Madina.pdf,C:\Users\NH\Downloads\CAIES 27\ISL\Notes\P1\Life in Madinah\Life In Madina.pdf,C:\Users\NH\Downloads\CAIES 27\ISL\Notes\P1\Life in Madinah\Life-In-Madina.pdf
ISL\Notes\P1\Life in Makkah,Boycott of Banu Hashim.pdf · version 1.pdf,Boycott-of-Banu-Hashim.pdf-·-version-1.pdf,C:\Users\NH\Downloads\CAIES 27\ISL\Notes\P1\Life in Makkah\Boycott of Banu Hashim.pdf · version 1.pdf,C:\Users\NH\Downloads\CAIES 27\ISL\Notes\P1\Life in Makkah\Boycott-of-Banu-Hashim.pdf-·-version-1.pdf
ISL\Notes\P1\Life in Makkah,Isra and Mairaj.pdf · version 1.pdf,Isra-and-Mairaj.pdf-·-version-1.pdf,C:\Users\NH\Downloads\CAIES 27\ISL\Notes\P1\Life in Makkah\Isra and Mairaj.pdf · version 1.pdf,C:\Users\NH\Downloads\CAIES 27\ISL\Notes\P1\Life in Makkah\Isra-and-Mairaj.pdf-·-version-1.pdf
ISL\Notes\P1\Life in Makkah,Life in Makkah.pdf,Life-in-Makkah.pdf,C:\Users\NH\Downloads\CAIES 27\ISL\Notes\P1\Life in Makkah\Life in Makkah.pdf,C:\Users\NH\Downloads\CAIES 27\ISL\Notes\P1\Life in Makkah\Life-in-Makkah.pdf
ISL\Notes\P1\Life in Makkah,Migration to Abyssinia.pdf · version 1.pdf,Migration-to-Abyssinia.pdf-·-version-1.pdf,C:\Users\NH\Downloads\CAIES 27\ISL\Notes\P1\Life in Makkah\Migration to Abyssinia.pdf · version 1.pdf,C:\Users\NH\Downloads\CAIES 27\ISL\Notes\P1\Life in Makkah\Migration-to-Abyssinia.pdf-·-version-1.pdf
ISL\Notes\P1\Life in Makkah,Pledges of Aqabah.pdf · version 1.pdf,Pledges-of-Aqabah.pdf-·-version-1.pdf,C:\Users\NH\Downloads\CAIES 27\ISL\Notes\P1\Life in Makkah\Pledges of Aqabah.pdf · version 1.pdf,C:\Users\NH\Downloads\CAIES 27\ISL\Notes\P1\Life in Makkah\Pledges-of-Aqabah.pdf-·-version-1.pdf
ISL\Notes\P1\Life in Makkah,Visit to Ta_if.pdf · version 1.pdf,Visit-to-Ta_if.pdf-·-version-1.pdf,C:\Users\NH\Downloads\CAIES 27\ISL\Notes\P1\Life in Makkah\Visit to Ta_if.pdf · version 1.pdf,C:\Users\NH\Downloads\CAIES 27\ISL\Notes\P1\Life in Makkah\Visit-to-Ta_if.pdf-·-version-1.pdf
ISL\Notes\P1\Quranic Passages,Passage 11.pdf · version 1.pdf,Passage-11.pdf-·-version-1.pdf,C:\Users\NH\Downloads\CAIES 27\ISL\Notes\P1\Quranic Passages\Passage 11.pdf · version 1.pdf,C:\Users\NH\Downloads\CAIES 27\ISL\Notes\P1\Quranic Passages\Passage-11.pdf-·-version-1.pdf
ISL\Notes\P1\Quranic Passages,Passages 12.pdf · version 1.pdf,Passages-12.pdf-·-version-1.pdf,C:\Users\NH\Downloads\CAIES 27\ISL\Notes\P1\Quranic Passages\Passages 12.pdf · version 1.pdf,C:\Users\NH\Downloads\CAIES 27\ISL\Notes\P1\Quranic Passages\Passages-12.pdf-·-version-1.pdf
ISL\Notes\P1\Quranic Passages,Passages 13.pdf · version 1.pdf,Passages-13.pdf-·-version-1.pdf,C:\Users\NH\Downloads\CAIES 27\ISL\Notes\P1\Quranic Passages\Passages 13.pdf · version 1.pdf,C:\Users\NH\Downloads\CAIES 27\ISL\Notes\P1\Quranic Passages\Passages-13.pdf-·-version-1.pdf
ISL\Notes\P1\Quranic Passages,Passages 14.pdf · version 1.pdf,Passages-14.pdf-·-version-1.pdf,C:\Users\NH\Downloads\CAIES 27\ISL\Notes\P1\Quranic Passages\Passages 14.pdf · version 1.pdf,C:\Users\NH\Downloads\CAIES 27\ISL\Notes\P1\Quranic Passages\Passages-14.pdf-·-version-1.pdf
ISL\Notes\P1\Quranic Passages,Passages and Major Themes.pdf · version 1.pdf,Passages-and-Major-Themes.pdf-·-version-1.pdf,C:\Users\NH\Downloads\CAIES 27\ISL\Notes\P1\Quranic Passages\Passages and Major Themes.pdf · version 1.pdf,C:\Users\NH\Downloads\CAIES 27\ISL\Notes\P1\Quranic Passages\Passages-and-Major-Themes.pdf-·-version-1.pdf
ISL\Notes\P1\Quranic Passages,Passags 6-10.pdf · version 1.pdf,Passags-6-10.pdf-·-version-1.pdf,C:\Users\NH\Downloads\CAIES 27\ISL\Notes\P1\Quranic Passages\Passags 6-10.pdf · version 1.pdf,C:\Users\NH\Downloads\CAIES 27\ISL\Notes\P1\Quranic Passages\Passags-6-10.pdf-·-version-1.pdf
ISL\Notes\P2,Dr Iftikhar-Ul-Haq Islamiat 2048 O-Levels Notes P2 (Ali.Aslam).pdf,Dr-Iftikhar-Ul-Haq-Islamiat-2048-O-Levels-Notes-P2-(Ali.Aslam).pdf,C:\Users\NH\Downloads\CAIES 27\ISL\Notes\P2\Dr Iftikhar-Ul-Haq Islamiat 2048 O-Levels Notes P2 (Ali.Aslam).pdf,C:\Users\NH\Downloads\CAIES 27\ISL\Notes\P2\Dr-Iftikhar-Ul-Haq-Islamiat-2048-O-Levels-Notes-P2-(Ali.Aslam).pdf
ISL\Notes\P2\Articles of Faith,Articles of Faith - CIE Tutors.pdf,Articles-of-Faith---CIE-Tutors.pdf,C:\Users\NH\Downloads\CAIES 27\ISL\Notes\P2\Articles of Faith\Articles of Faith - CIE Tutors.pdf,C:\Users\NH\Downloads\CAIES 27\ISL\Notes\P2\Articles of Faith\Articles-of-Faith---CIE-Tutors.pdf
ISL\Notes\P2\Articles of Faith,Articles of Faith - Oneness of Allah.pdf · version 1.pdf,Articles-of-Faith---Oneness-of-Allah.pdf-·-version-1.pdf,C:\Users\NH\Downloads\CAIES 27\ISL\Notes\P2\Articles of Faith\Articles of Faith - Oneness of Allah.pdf · version 1.pdf,C:\Users\NH\Downloads\CAIES 27\ISL\Notes\P2\Articles of Faith\Articles-of-Faith---Oneness-of-Allah.pdf-·-version-1.pdf
ISL\Notes\P2\Articles of Faith,Articles of Faith.pdf,Articles-of-Faith.pdf,C:\Users\NH\Downloads\CAIES 27\ISL\Notes\P2\Articles of Faith\Articles of Faith.pdf,C:\Users\NH\Downloads\CAIES 27\ISL\Notes\P2\Articles of Faith\Articles-of-Faith.pdf
ISL\Notes\P2\Articles of Faith,Books and Prophets.pdf · version 1.pdf,Books-and-Prophets.pdf-·-version-1.pdf,C:\Users\NH\Downloads\CAIES 27\ISL\Notes\P2\Articles of Faith\Books and Prophets.pdf · version 1.pdf,C:\Users\NH\Downloads\CAIES 27\ISL\Notes\P2\Articles of Faith\Books-and-Prophets.pdf-·-version-1.pdf
ISL\Notes\P2\Articles of Faith,Emailing SKH BOOK 8 THE ARTICLES OF FAITH.pdf,Emailing-SKH-BOOK-8-THE-ARTICLES-OF-FAITH.pdf,C:\Users\NH\Downloads\CAIES 27\ISL\Notes\P2\Articles of Faith\Emailing SKH BOOK 8 THE ARTICLES OF FAITH.pdf,C:\Users\NH\Downloads\CAIES 27\ISL\Notes\P2\Articles of Faith\Emailing-SKH-BOOK-8-THE-ARTICLES-OF-FAITH.pdf
ISL\Notes\P2\Articles of Faith,Resurrection and Predestination.pdf · version 1.pdf,Resurrection-and-Predestination.pdf-·-version-1.pdf,C:\Users\NH\Downloads\CAIES 27\ISL\Notes\P2\Articles of Faith\Resurrection and Predestination.pdf · version 1.pdf,C:\Users\NH\Downloads\CAIES 27\ISL\Notes\P2\Articles of Faith\Resurrection-and-Predestination.pdf-·-version-1.pdf
ISL\Notes\P2\Articles of Faith,TOPIC 4.1 ARTICLES OF FAITH NOTES.pdf,TOPIC-4.1-ARTICLES-OF-FAITH-NOTES.pdf,C:\Users\NH\Downloads\CAIES 27\ISL\Notes\P2\Articles of Faith\TOPIC 4.1 ARTICLES OF FAITH NOTES.pdf,C:\Users\NH\Downloads\CAIES 27\ISL\Notes\P2\Articles of Faith\TOPIC-4.1-ARTICLES-OF-FAITH-NOTES.pdf
ISL\Notes\P2\Caliphate,"Abu Bakr,pdf.pdf · version 1.pdf","Abu-Bakr,pdf.pdf-·-version-1.pdf","C:\Users\NH\Downloads\CAIES 27\ISL\Notes\P2\Caliphate\Abu Bakr,pdf.pdf · version 1.pdf","C:\Users\NH\Downloads\CAIES 27\ISL\Notes\P2\Caliphate\Abu-Bakr,pdf.pdf-·-version-1.pdf"
ISL\Notes\P2\Caliphate,Emailing SKH BOOK 7 THE RIGHTLY GUIDED CALIPHS.pdf,Emailing-SKH-BOOK-7-THE-RIGHTLY-GUIDED-CALIPHS.pdf,C:\Users\NH\Downloads\CAIES 27\ISL\Notes\P2\Caliphate\Emailing SKH BOOK 7 THE RIGHTLY GUIDED CALIPHS.pdf,C:\Users\NH\Downloads\CAIES 27\ISL\Notes\P2\Caliphate\Emailing-SKH-BOOK-7-THE-RIGHTLY-GUIDED-CALIPHS.pdf
ISL\Notes\P2\Caliphate,Rightly Guided caliphs as Role Models.pdf,Rightly-Guided-caliphs-as-Role-Models.pdf,C:\Users\NH\Downloads\CAIES 27\ISL\Notes\P2\Caliphate\Rightly Guided caliphs as Role Models.pdf,C:\Users\NH\Downloads\CAIES 27\ISL\Notes\P2\Caliphate\Rightly-Guided-caliphs-as-Role-Models.pdf
ISL\Notes\P2\Caliphate,Rightly Guided Caliphs.pdf,Rightly-Guided-Caliphs.pdf,C:\Users\NH\Downloads\CAIES 27\ISL\Notes\P2\Caliphate\Rightly Guided Caliphs.pdf,C:\Users\NH\Downloads\CAIES 27\ISL\Notes\P2\Caliphate\Rightly-Guided-Caliphs.pdf
ISL\Notes\P2\Caliphate,The period of rule of the four Caliphs.pdf,The-period-of-rule-of-the-four-Caliphs.pdf,C:\Users\NH\Downloads\CAIES 27\ISL\Notes\P2\Caliphate\The period of rule of the four Caliphs.pdf,C:\Users\NH\Downloads\CAIES 27\ISL\Notes\P2\Caliphate\The-period-of-rule-of-the-four-Caliphs.pdf
ISL\Notes\P2\Caliphate,Umar bin Khattab (RA).pdf · version 1.pdf,Umar-bin-Khattab-(RA).pdf-·-version-1.pdf,C:\Users\NH\Downloads\CAIES 27\ISL\Notes\P2\Caliphate\Umar bin Khattab (RA).pdf · version 1.pdf,C:\Users\NH\Downloads\CAIES 27\ISL\Notes\P2\Caliphate\Umar-bin-Khattab-(RA).pdf-·-version-1.pdf
ISL\Notes\P2\Caliphate,Uthman (RA) Events.pdf · version 1.pdf,Uthman-(RA)-Events.pdf-·-version-1.pdf,C:\Users\NH\Downloads\CAIES 27\ISL\Notes\P2\Caliphate\Uthman (RA) Events.pdf · version 1.pdf,C:\Users\NH\Downloads\CAIES 27\ISL\Notes\P2\Caliphate\Uthman-(RA)-Events.pdf-·-version-1.pdf
ISL\Notes\P2\History & Importance of Hadith,6+4 Books.pdf,6+4-Books.pdf,C:\Users\NH\Downloads\CAIES 27\ISL\Notes\P2\History & Importance of Hadith\6+4 Books.pdf,C:\Users\NH\Downloads\CAIES 27\ISL\Notes\P2\History & Importance of Hadith\6+4-Books.pdf
ISL\Notes\P2\History & Importance of Hadith,All Hadith Types 10M.pdf,All-Hadith-Types-10M.pdf,C:\Users\NH\Downloads\CAIES 27\ISL\Notes\P2\History & Importance of Hadith\All Hadith Types 10M.pdf,C:\Users\NH\Downloads\CAIES 27\ISL\Notes\P2\History & Importance of Hadith\All-Hadith-Types-10M.pdf
ISL\Notes\P2\History & Importance of Hadith,Chapter 2 History and Importance of Hadith.pdf,Chapter-2-History-and-Importance-of-Hadith.pdf,C:\Users\NH\Downloads\CAIES 27\ISL\Notes\P2\History & Importance of Hadith\Chapter 2 History and Importance of Hadith.pdf,C:\Users\NH\Downloads\CAIES 27\ISL\Notes\P2\History & Importance of Hadith\Chapter-2-History-and-Importance-of-Hadith.pdf
ISL\Notes\P2\History & Importance of Hadith,Classifications of Hadith.pdf,Classifications-of-Hadith.pdf,C:\Users\NH\Downloads\CAIES 27\ISL\Notes\P2\History & Importance of Hadith\Classifications of Hadith.pdf,C:\Users\NH\Downloads\CAIES 27\ISL\Notes\P2\History & Importance of Hadith\Classifications-of-Hadith.pdf
ISL\Notes\P2\History & Importance of Hadith,Compilation of Hadith-1.pdf,Compilation-of-Hadith-1.pdf,C:\Users\NH\Downloads\CAIES 27\ISL\Notes\P2\History & Importance of Hadith\Compilation of Hadith-1.pdf,C:\Users\NH\Downloads\CAIES 27\ISL\Notes\P2\History & Importance of Hadith\Compilation-of-Hadith-1.pdf
ISL\Notes\P2\History & Importance of Hadith,Emailing SKH BOOK 5 THE AHADITH OF MOHAMMAD   (PBUH).pdf,Emailing-SKH-BOOK-5-THE-AHADITH-OF-MOHAMMAD---(PBUH).pdf,C:\Users\NH\Downloads\CAIES 27\ISL\Notes\P2\History & Importance of Hadith\Emailing SKH BOOK 5 THE AHADITH OF MOHAMMAD   (PBUH).pdf,C:\Users\NH\Downloads\CAIES 27\ISL\Notes\P2\History & Importance of Hadith\Emailing-SKH-BOOK-5-THE-AHADITH-OF-MOHAMMAD---(PBUH).pdf
ISL\Notes\P2\History & Importance of Hadith,Emailing SKH BOOK 6 THE HISTORY AND IMPORTANCE OF HADITH (1).pdf,Emailing-SKH-BOOK-6-THE-HISTORY-AND-IMPORTANCE-OF-HADITH-(1).pdf,C:\Users\NH\Downloads\CAIES 27\ISL\Notes\P2\History & Importance of Hadith\Emailing SKH BOOK 6 THE HISTORY AND IMPORTANCE OF HADITH (1).pdf,C:\Users\NH\Downloads\CAIES 27\ISL\Notes\P2\History & Importance of Hadith\Emailing-SKH-BOOK-6-THE-HISTORY-AND-IMPORTANCE-OF-HADITH-(1).pdf
ISL\Notes\P2\History & Importance of Hadith,Emailing SKH BOOK 6 THE HISTORY AND IMPORTANCE OF HADITH .pdf,Emailing-SKH-BOOK-6-THE-HISTORY-AND-IMPORTANCE-OF-HADITH-.pdf,C:\Users\NH\Downloads\CAIES 27\ISL\Notes\P2\History & Importance of Hadith\Emailing SKH BOOK 6 THE HISTORY AND IMPORTANCE OF HADITH .pdf,C:\Users\NH\Downloads\CAIES 27\ISL\Notes\P2\History & Importance of Hadith\Emailing-SKH-BOOK-6-THE-HISTORY-AND-IMPORTANCE-OF-HADITH-.pdf
ISL\Notes\P2\History & Importance of Hadith,Features of Bukhari & Muslim.pdf · version 1.pdf,Features-of-Bukhari-&-Muslim.pdf-·-version-1.pdf,C:\Users\NH\Downloads\CAIES 27\ISL\Notes\P2\History & Importance of Hadith\Features of Bukhari & Muslim.pdf · version 1.pdf,C:\Users\NH\Downloads\CAIES 27\ISL\Notes\P2\History & Importance of Hadith\Features-of-Bukhari-&-Muslim.pdf-·-version-1.pdf
ISL\Notes\P2\History & Importance of Hadith,Hadith 1-5.pdf · version 1.pdf,Hadith-1-5.pdf-·-version-1.pdf,C:\Users\NH\Downloads\CAIES 27\ISL\Notes\P2\History & Importance of Hadith\Hadith 1-5.pdf · version 1.pdf,C:\Users\NH\Downloads\CAIES 27\ISL\Notes\P2\History & Importance of Hadith\Hadith-1-5.pdf-·-version-1.pdf
ISL\Notes\P2\History & Importance of Hadith,Hadith 9-10.pdf · version 1.pdf,Hadith-9-10.pdf-·-version-1.pdf,C:\Users\NH\Downloads\CAIES 27\ISL\Notes\P2\History & Importance of Hadith\Hadith 9-10.pdf · version 1.pdf,C:\Users\NH\Downloads\CAIES 27\ISL\Notes\P2\History & Importance of Hadith\Hadith-9-10.pdf-·-version-1.pdf
ISL\Notes\P2\History & Importance of Hadith,Hadith Pointers 11-20.pdf,Hadith-Pointers-11-20.pdf,C:\Users\NH\Downloads\CAIES 27\ISL\Notes\P2\History & Importance of Hadith\Hadith Pointers 11-20.pdf,C:\Users\NH\Downloads\CAIES 27\ISL\Notes\P2\History & Importance of Hadith\Hadith-Pointers-11-20.pdf
ISL\Notes\P2\History & Importance of Hadith,Hadiths 11-20.pdf · version 1.pdf,Hadiths-11-20.pdf-·-version-1.pdf,C:\Users\NH\Downloads\CAIES 27\ISL\Notes\P2\History & Importance of Hadith\Hadiths 11-20.pdf · version 1.pdf,C:\Users\NH\Downloads\CAIES 27\ISL\Notes\P2\History & Importance of Hadith\Hadiths-11-20.pdf-·-version-1.pdf
ISL\Notes\P2\History & Importance of Hadith,History and importance of Hadiths.pdf,History-and-importance-of-Hadiths.pdf,C:\Users\NH\Downloads\CAIES 27\ISL\Notes\P2\History & Importance of Hadith\History and importance of Hadiths.pdf,C:\Users\NH\Downloads\CAIES 27\ISL\Notes\P2\History & Importance of Hadith\History-and-importance-of-Hadiths.pdf
ISL\Notes\P2\History & Importance of Hadith,Isnad and Matan (classofumarkhan).pdf,Isnad-and-Matan-(classofumarkhan).pdf,C:\Users\NH\Downloads\CAIES 27\ISL\Notes\P2\History & Importance of Hadith\Isnad and Matan (classofumarkhan).pdf,C:\Users\NH\Downloads\CAIES 27\ISL\Notes\P2\History & Importance of Hadith\Isnad-and-Matan-(classofumarkhan).pdf
ISL\Notes\P2\History & Importance of Hadith,Isnad and Matan.pdf · version 1.pdf,Isnad-and-Matan.pdf-·-version-1.pdf,C:\Users\NH\Downloads\CAIES 27\ISL\Notes\P2\History & Importance of Hadith\Isnad and Matan.pdf · version 1.pdf,C:\Users\NH\Downloads\CAIES 27\ISL\Notes\P2\History & Importance of Hadith\Isnad-and-Matan.pdf-·-version-1.pdf
ISL\Notes\P2\History & Importance of Hadith,Stages of Compilation.pdf · version 1.pdf,Stages-of-Compilation.pdf-·-version-1.pdf,C:\Users\NH\Downloads\CAIES 27\ISL\Notes\P2\History & Importance of Hadith\Stages of Compilation.pdf · version 1.pdf,C:\Users\NH\Downloads\CAIES 27\ISL\Notes\P2\History & Importance of Hadith\Stages-of-Compilation.pdf-·-version-1.pdf
ISL\Notes\P2\Pillars of Islam,Emailing SKH BOOK 9 THE PILLARS OF ISLAM.pdf,Emailing-SKH-BOOK-9-THE-PILLARS-OF-ISLAM.pdf,C:\Users\NH\Downloads\CAIES 27\ISL\Notes\P2\Pillars of Islam\Emailing SKH BOOK 9 THE PILLARS OF ISLAM.pdf,C:\Users\NH\Downloads\CAIES 27\ISL\Notes\P2\Pillars of Islam\Emailing-SKH-BOOK-9-THE-PILLARS-OF-ISLAM.pdf
ISL\Notes\P2\Pillars of Islam,Fasting.pdf · version 1.pdf,Fasting.pdf-·-version-1.pdf,C:\Users\NH\Downloads\CAIES 27\ISL\Notes\P2\Pillars of Islam\Fasting.pdf · version 1.pdf,C:\Users\NH\Downloads\CAIES 27\ISL\Notes\P2\Pillars of Islam\Fasting.pdf-·-version-1.pdf
ISL\Notes\P2\Pillars of Islam,Pillars of Islam ( All pillars).pdf,Pillars-of-Islam-(-All-pillars).pdf,C:\Users\NH\Downloads\CAIES 27\ISL\Notes\P2\Pillars of Islam\Pillars of Islam ( All pillars).pdf,C:\Users\NH\Downloads\CAIES 27\ISL\Notes\P2\Pillars of Islam\Pillars-of-Islam-(-All-pillars).pdf
ISL\Notes\P2\Pillars of Islam,Pillars of Islam - Prayer.pdf · version 1(1).pdf,Pillars-of-Islam---Prayer.pdf-·-version-1(1).pdf,C:\Users\NH\Downloads\CAIES 27\ISL\Notes\P2\Pillars of Islam\Pillars of Islam - Prayer.pdf · version 1(1).pdf,C:\Users\NH\Downloads\CAIES 27\ISL\Notes\P2\Pillars of Islam\Pillars-of-Islam---Prayer.pdf-·-version-1(1).pdf
ISL\Notes\P2\Pillars of Islam,Pillars of Islam - Prayer.pdf · version 1(2).pdf,Pillars-of-Islam---Prayer.pdf-·-version-1(2).pdf,C:\Users\NH\Downloads\CAIES 27\ISL\Notes\P2\Pillars of Islam\Pillars of Islam - Prayer.pdf · version 1(2).pdf,C:\Users\NH\Downloads\CAIES 27\ISL\Notes\P2\Pillars of Islam\Pillars-of-Islam---Prayer.pdf-·-version-1(2).pdf
ISL\Notes\P2\Pillars of Islam,Pillars of Islam - Prayer.pdf · version 1.pdf,Pillars-of-Islam---Prayer.pdf-·-version-1.pdf,C:\Users\NH\Downloads\CAIES 27\ISL\Notes\P2\Pillars of Islam\Pillars of Islam - Prayer.pdf · version 1.pdf,C:\Users\NH\Downloads\CAIES 27\ISL\Notes\P2\Pillars of Islam\Pillars-of-Islam---Prayer.pdf-·-version-1.pdf
ISL\Notes\P2\Pillars of Islam,Pillars Of Islam.pdf,Pillars-Of-Islam.pdf,C:\Users\NH\Downloads\CAIES 27\ISL\Notes\P2\Pillars of Islam\Pillars Of Islam.pdf,C:\Users\NH\Downloads\CAIES 27\ISL\Notes\P2\Pillars of Islam\Pillars-Of-Islam.pdf
ISL\Notes\P2\Pillars of Islam,TOPIC 4.2 PILLARS OF ISLAM NOTES.pdf,TOPIC-4.2-PILLARS-OF-ISLAM-NOTES.pdf,C:\Users\NH\Downloads\CAIES 27\ISL\Notes\P2\Pillars of Islam\TOPIC 4.2 PILLARS OF ISLAM NOTES.pdf,C:\Users\NH\Downloads\CAIES 27\ISL\Notes\P2\Pillars of Islam\TOPIC-4.2-PILLARS-OF-ISLAM-NOTES.pdf
Urdu\Important resources,"Linking devices, Connectors List.pdf","Linking-devices,-Connectors-List.pdf","C:\Users\NH\Downloads\CAIES 27\Urdu\Important resources\Linking devices, Connectors List.pdf","C:\Users\NH\Downloads\CAIES 27\Urdu\Important resources\Linking-devices,-Connectors-List.pdf"
Urdu\Practice material,essay topics 2.pdf,essay-topics-2.pdf,C:\Users\NH\Downloads\CAIES 27\Urdu\Practice material\essay topics 2.pdf,C:\Users\NH\Downloads\CAIES 27\Urdu\Practice material\essay-topics-2.pdf
Urdu\Practice material,Essay topics.pdf,Essay-topics.pdf,C:\Users\NH\Downloads\CAIES 27\Urdu\Practice material\Essay topics.pdf,C:\Users\NH\Downloads\CAIES 27\Urdu\Practice material\Essay-topics.pdf
Urdu\Practice material,Translation Passages.pdf,Translation-Passages.pdf,C:\Users\NH\Downloads\CAIES 27\Urdu\Practice material\Translation Passages.pdf,C:\Users\NH\Downloads\CAIES 27\Urdu\Practice material\Translation-Passages.pdf
